cores,nodes,mean_time,stdev,speedup,amdahl_speedup,outliers,num_runs
1,8464173,4.812059,0.141592,1.0000,1.0000,0,10
2,8464173,4.769224,0.089856,1.0090,1.0953,0,10
4,8464173,3.684933,0.133960,1.3059,1.1501,2,10
8,8464173,4.003812,0.128374,1.2019,1.1796,3,10
