cores,nodes,mean_time,stdev,speedup,amdahl_speedup,outliers,num_runs
1,919442,0.584671,0.058485,1.0000,1.0000,2,10
2,919442,0.823276,0.034916,0.7102,1.0000,1,10
4,919442,0.773719,0.027502,0.7557,1.0000,1,10
8,919442,1.209875,0.221526,0.4832,1.0000,0,10
