cores,nodes,mean_time,stdev,speedup,amdahl_speedup,outliers,num_runs
1,8464173,10.684615,1.920097,1.0000,1.0000,2,10
2,8464173,8.609674,0.660943,1.2410,1.3487,2,10
4,8464173,6.264675,0.713442,1.7055,1.6334,1,10
8,8464173,4.970402,0.235142,2.1496,1.8262,0,10
