cores,nodes,mean_time,stdev,speedup,amdahl_speedup,outliers,num_runs
1,919442,0.024809,0.001275,1.0000,1.0000,0,10
2,919442,0.016898,0.003044,1.4682,1.6867,2,10
4,919442,0.010120,0.002268,2.4515,2.5685,0,10
8,919442,0.007134,0.000711,3.4776,3.4776,0,10
