cores,nodes,mean_time,stdev,speedup,amdahl_speedup,outliers,num_runs
1,8464173,0.218126,0.005912,1.0000,1.0000,0,10
2,8464173,0.128398,0.005064,1.6988,1.7197,2,10
4,8464173,0.078844,0.006509,2.7666,2.6864,2,10
8,8464173,0.058392,0.002468,3.7355,3.7366,1,10
