cores,nodes,mean_time,stdev,speedup,amdahl_speedup,outliers,num_runs
1,919442,0.027035,0.003132,1.0000,1.0000,1,10
2,919442,0.018767,0.003976,1.4406,1.5765,0,10
4,919442,0.011331,0.001507,2.3859,2.2150,0,10
8,919442,0.007922,0.001088,3.4126,2.7774,0,10
