cores,nodes,mean_time,stdev,scaled_speedup,gustafson_speedup,outliers,num_runs
1,919442,0.527260,0.012770,1.0000,1.0000,2,10
2,1855434,1.272611,0.013775,0.8286,1.0166,0,10
4,3731355,1.929107,0.090866,1.0933,1.0497,0,10
8,7518053,3.731175,0.246311,1.1305,1.1160,1,10
