cores,nodes,mean_time,stdev,scaled_speedup,gustafson_speedup,outliers,num_runs
1,3360,0.002013,0.000422,1.0000,1.0000,0,10
2,6931,0.322467,0.020578,0.0125,1.0000,1,10
4,13695,0.376007,0.006254,0.0214,1.0000,1,10
8,27990,0.589496,0.050393,0.0273,1.0000,0,10
