cores,nodes,mean_time,stdev,scaled_speedup,gustafson_speedup,outliers,num_runs
1,3360,0.000135,0.000041,1.0000,1.0000,1,10
2,6931,0.000425,0.000150,0.6353,1.0301,0,10
4,13695,0.000524,0.000138,1.0305,1.0903,0,10
8,27990,0.000692,0.000150,1.5607,1.2106,2,10
