cores,nodes,mean_time,stdev,scaled_speedup,gustafson_speedup,outliers,num_runs
1,3360,0.000222,0.000050,1.0000,1.0000,0,10
2,6931,0.000430,0.000135,1.0326,1.0405,1,10
4,13695,0.000530,0.000152,1.6755,1.1214,1,10
8,27990,0.001384,0.001177,1.2832,1.2832,2,10
