cores,nodes,mean_time,stdev,speedup,amdahl_speedup,outliers,num_runs
1,8388607,4.798130,0.095244,1.0000,1.0000,0,3
2,8388607,5.054370,0.043839,0.9493,1.1103,0,3
4,8388607,3.825607,0.482432,1.2542,1.1752,0,3
8,8388607,3.963683,0.149669,1.2105,1.2105,0,3
