cores,nodes,mean_time,stdev,speedup,amdahl_speedup,outliers,num_runs
1,8388607,4.525945,0.220883,1.0000,1.0000,0,10
2,8388607,4.891722,0.209644,0.9252,1.0269,0,10
4,8388607,4.251208,0.471857,1.0646,1.0408,0,10
8,8388607,4.318808,0.166245,1.0480,1.0480,0,10
