cores,nodes,mean_time,stdev,speedup,amdahl_speedup,outliers,num_runs
1,8388607,4.340086,0.094817,1.0000,1.0000,0,10
2,8388607,4.616658,0.063449,0.9401,1.0455,1,10
4,8388607,3.792148,0.185912,1.1445,1.0699,1,10
8,8388607,3.986874,0.070491,1.0886,1.0825,2,10
