cores,nodes,mean_time,stdev,speedup,amdahl_speedup,outliers,num_runs
1,8388607,9.010041,0.403925,1.0000,1.0000,1,10
2,8388607,6.014084,0.685656,1.4982,1.4805,0,10
4,8388607,4.270921,0.402099,2.1096,1.9486,1,10
8,8388607,4.430026,0.278834,2.0339,2.3146,2,10
