cores,nodes,mean_time,stdev,speedup,amdahl_speedup,outliers,num_runs
1,8388607,0.225067,0.035993,1.0000,1.0000,1,10
2,8388607,0.112619,0.005202,1.9985,1.8481,0,10
4,8388607,0.072302,0.002167,3.1129,3.2088,0,10
8,8388607,0.057834,0.002485,3.8916,5.0783,1,10
