cores,nodes,mean_time,stdev,speedup,amdahl_speedup,outliers,num_runs
1,8388607,0.222321,0.029946,1.0000,1.0000,0,10
2,8388607,0.107496,0.008242,2.0682,1.7589,0,10
4,8388607,0.069382,0.005031,3.2043,2.8346,0,10
8,8388607,0.054451,0.003521,4.0830,4.0830,1,10
