cores,nodes,mean_time,stdev,scaled_speedup,gustafson_speedup,outliers,num_runs
1,16383,0.000600,0.000078,1.0000,1.0000,0,3
2,32767,0.000717,0.000047,1.6744,1.3516,0,3
4,65535,0.001173,0.000040,2.0455,2.0549,0,3
8,131071,0.001387,0.000264,3.4615,3.4615,0,3
