cores,nodes,mean_time,stdev,scaled_speedup,gustafson_speedup,outliers,num_runs
1,16383,0.010306,0.000992,1.0000,1.0000,0,10
2,32767,0.414807,0.120000,0.0497,1.0000,0,10
4,65535,0.463552,0.058958,0.0889,1.0000,0,10
8,131071,0.703330,0.055599,0.1172,1.0000,0,10
