cores,nodes,mean_time,stdev,scaled_speedup,gustafson_speedup,outliers,num_runs
1,16383,0.008679,0.000398,1.0000,1.0000,0,10
2,32767,0.370032,0.063331,0.0469,1.0000,2,10
4,65535,0.481347,0.047445,0.0721,1.0000,0,10
8,131071,0.603513,0.029544,0.1150,1.0000,0,10
