cores,nodes,mean_time,stdev,scaled_speedup,gustafson_speedup,outliers,num_runs
1,16383,0.000449,0.000098,1.0000,1.0000,2,10
2,32767,0.000940,0.000399,0.9553,1.1370,1,10
4,65535,0.001062,0.000128,1.6911,1.4109,0,10
8,131071,0.001587,0.000424,2.2634,1.9587,1,10
