cores,nodes,mean_time,stdev,scaled_speedup,gustafson_speedup,outliers,num_runs
1,1048575,0.024253,0.001002,1.0000,1.0000,0,10
2,2097151,0.027615,0.001870,1.7565,1.5276,1,10
4,4194303,0.037418,0.005449,2.5927,2.5829,0,10
8,8388607,0.063232,0.006935,3.0684,4.6934,1,10
